Workbook
Name Region: [1]Заголовок!$B$6

Sheet Свод
B2: Информация по оплате на: | C2: 45030
B4: Интервал
B5: 44927 | C5: 45016
B7: ОПЛАТА | C7: ="Оплата с "&TEXT(B5,"ДД.ММ.ГГГГ")& " по "&TEXT(C5,"ДД.ММ.ГГГГ") -> Оплата с 01.01.2023 по 31.03.2023 | D7: 2023 год
D8: Январь | E8: Февраль | F8: Март | G8: Апрель | H8: Май | I8: Июнь | J8: Июль | K8: Август | L8: Сентябрь | M8: Октябрь | N8: Ноябрь | O8: Декабрь
B9: 1 | C9: 2 | D9: 3 | E9: 4 | F9: 5 | G9: 6 | H9: 7 | I9: 8 | J9: 9 | K9: 10 | L9: 11 | M9: 12 | N9: 13 | O9: 14
B10: Итог | C10: =C11+C12+C13+C14+C15+C16 -> 4332 | D10: =D11+D12+D13+D14+D15+D16 -> 1120 | E10: =E11+E12+E13+E14+E15+E16 -> 2252 | F10: =F11+F12+F13+F14+F15+F16 -> 960 | G10: =G11+G12+G13+G14+G15+G16 -> 15000 | H10: =H11+H12+H13+H14+H15+H16 -> 0 | I10: =I11+I12+I13+I14+I15+I16 -> 0 | J10: =J11+J12+J13+J14+J15+J16 -> 0 | ... O10: =O11+O12+O13+O14+O15+O16 -> 0
B11: Подрядчик 1 | C11: =SUMIFS('Реестр оплат'!K:K,'Реестр оплат'!$C:$C,B11,'Реестр оплат'!J:J,">="&$B$5,'Реестр оплат'!J:J,"<="&$C$5) -> 3000 | D11: =SUMIFS('Реестр оплат'!K:K,'Реестр оплат'!$C:$C,B11,'Реестр оплат'!J:J,">=01.01.2023",'Реестр оплат'!J:J,"<=31.01.2023") -> 1000 | E11: =SUMIFS('Реестр оплат'!K:K,'Реестр оплат'!$C:$C,B11,'Реестр оплат'!J:J,">=01.02.2023",'Реестр оплат'!J:J,"<=28.02.2023") -> 2000 | F11: =SUMIFS('Реестр оплат'!K:K,'Реестр оплат'!$C:$C,B11,'Реестр оплат'!J:J,">=01.03.2023",'Реестр оплат'!J:J,"<=31.03.2023") -> 0 | G11: =SUMIFS('Реестр оплат'!K:K,'Реестр оплат'!$C:$C,B11,'Реестр оплат'!J:J,">=01.04.2023",'Реестр оплат'!J:J,"<=30.04.2023") -> 15000 | H11: =SUMIFS('Реестр оплат'!K:K,'Реестр оплат'!$C:$C,B11,'Реестр оплат'!J:J,">=01.05.2023",'Реестр оплат'!J:J,"<=31.05.2023") -> 0 | I11: =SUMIFS('Реестр оплат'!K:K,'Реестр оплат'!$C:$C,B11,'Реестр оплат'!J:J,">=01.06.2023",'Реестр оплат'!J:J,"<=30.06.2023") -> 0 | J11: =SUMIFS('Реестр оплат'!K:K,'Реестр оплат'!$C:$C,B11,'Реестр оплат'!J:J,">=01.07.2023",'Реестр оплат'!J:J,"<=31.07.2023") -> 0 | K11: =SUMIFS('Реестр оплат'!K:K,'Реестр оплат'!$C:$C,B11,'Реестр оплат'!J:J,">=01.08.2023",'Реестр оплат'!J:J,"<=31.08.2023") -> 0 | L11: =SUMIFS('Реестр оплат'!K:K,'Реестр оплат'!$C:$C,B11,'Реестр оплат'!J:J,">=01.09.2023",'Реестр оплат'!J:J,"<=30.09.2023") -> 0 | M11: =SUMIFS('Реестр оплат'!K:K,'Реестр оплат'!$C:$C,B11,'Реестр оплат'!J:J,">=01.10.2023",'Реестр оплат'!J:J,"<=31.10.2023") -> 0 | N11: =SUMIFS('Реестр оплат'!K:K,'Реестр оплат'!$C:$C,B11,'Реестр оплат'!J:J,">=01.11.2023",'Реестр оплат'!J:J,"<=30.11.2023") -> 0 | O11: =SUMIFS('Реестр оплат'!K:K,'Реестр оплат'!$C:$C,B11,'Реестр оплат'!J:J,">=01.12.2023",'Реестр оплат'!J:J,"<=31.12.2023") -> 0
B12: Подрядчик 2 | C12: =SUMIFS('Реестр оплат'!K:K,'Реестр оплат'!$C:$C,B12,'Реестр оплат'!J:J,">="&$B$5,'Реестр оплат'!J:J,"<="&$C$5) -> 360 | D12: =SUMIFS('Реестр оплат'!K:K,'Реестр оплат'!$C:$C,B12,'Реестр оплат'!J:J,">=01.01.2023",'Реестр оплат'!J:J,"<=31.01.2023") -> 120 | E12: =SUMIFS('Реестр оплат'!K:K,'Реестр оплат'!$C:$C,B12,'Реестр оплат'!J:J,">=01.02.2023",'Реестр оплат'!J:J,"<=28.02.2023") -> 240 | F12: =SUMIFS('Реестр оплат'!K:K,'Реестр оплат'!$C:$C,B12,'Реестр оплат'!J:J,">=01.03.2023",'Реестр оплат'!J:J,"<=31.03.2023") -> 0 | G12: =SUMIFS('Реестр оплат'!K:K,'Реестр оплат'!$C:$C,B12,'Реестр оплат'!J:J,">=01.04.2023",'Реестр оплат'!J:J,"<=30.04.2023") -> 0 | H12: =SUMIFS('Реестр оплат'!K:K,'Реестр оплат'!$C:$C,B12,'Реестр оплат'!J:J,">=01.05.2023",'Реестр оплат'!J:J,"<=31.05.2023") -> 0 | I12: =SUMIFS('Реестр оплат'!K:K,'Реестр оплат'!$C:$C,B12,'Реестр оплат'!J:J,">=01.06.2023",'Реестр оплат'!J:J,"<=30.06.2023") -> 0 | J12: =SUMIFS('Реестр оплат'!K:K,'Реестр оплат'!$C:$C,B12,'Реестр оплат'!J:J,">=01.07.2023",'Реестр оплат'!J:J,"<=31.07.2023") -> 0 | K12: =SUMIFS('Реестр оплат'!K:K,'Реестр оплат'!$C:$C,B12,'Реестр оплат'!J:J,">=01.08.2023",'Реестр оплат'!J:J,"<=31.08.2023") -> 0 | L12: =SUMIFS('Реестр оплат'!K:K,'Реестр оплат'!$C:$C,B12,'Реестр оплат'!J:J,">=01.09.2023",'Реестр оплат'!J:J,"<=30.09.2023") -> 0 | M12: =SUMIFS('Реестр оплат'!K:K,'Реестр оплат'!$C:$C,B12,'Реестр оплат'!J:J,">=01.10.2023",'Реестр оплат'!J:J,"<=31.10.2023") -> 0 | N12: =SUMIFS('Реестр оплат'!K:K,'Реестр оплат'!$C:$C,B12,'Реестр оплат'!J:J,">=01.11.2023",'Реестр оплат'!J:J,"<=30.11.2023") -> 0 | O12: =SUMIFS('Реестр оплат'!K:K,'Реестр оплат'!$C:$C,B12,'Реестр оплат'!J:J,">=01.12.2023",'Реестр оплат'!J:J,"<=31.12.2023") -> 0
B13: Подрядчик 3 | C13: =SUMIFS('Реестр оплат'!K:K,'Реестр оплат'!$C:$C,B13,'Реестр оплат'!J:J,">="&$B$5,'Реестр оплат'!J:J,"<="&$C$5) -> 360 | D13: =SUMIFS('Реестр оплат'!K:K,'Реестр оплат'!$C:$C,B13,'Реестр оплат'!J:J,">=01.01.2023",'Реестр оплат'!J:J,"<=31.01.2023") -> 0 | E13: =SUMIFS('Реестр оплат'!K:K,'Реестр оплат'!$C:$C,B13,'Реестр оплат'!J:J,">=01.02.2023",'Реестр оплат'!J:J,"<=28.02.2023") -> 0 | F13: =SUMIFS('Реестр оплат'!K:K,'Реестр оплат'!$C:$C,B13,'Реестр оплат'!J:J,">=01.03.2023",'Реестр оплат'!J:J,"<=31.03.2023") -> 360 | G13: =SUMIFS('Реестр оплат'!K:K,'Реестр оплат'!$C:$C,B13,'Реестр оплат'!J:J,">=01.04.2023",'Реестр оплат'!J:J,"<=30.04.2023") -> 0 | H13: =SUMIFS('Реестр оплат'!K:K,'Реестр оплат'!$C:$C,B13,'Реестр оплат'!J:J,">=01.05.2023",'Реестр оплат'!J:J,"<=31.05.2023") -> 0 | I13: =SUMIFS('Реестр оплат'!K:K,'Реестр оплат'!$C:$C,B13,'Реестр оплат'!J:J,">=01.06.2023",'Реестр оплат'!J:J,"<=30.06.2023") -> 0 | J13: =SUMIFS('Реестр оплат'!K:K,'Реестр оплат'!$C:$C,B13,'Реестр оплат'!J:J,">=01.07.2023",'Реестр оплат'!J:J,"<=31.07.2023") -> 0 | K13: =SUMIFS('Реестр оплат'!K:K,'Реестр оплат'!$C:$C,B13,'Реестр оплат'!J:J,">=01.08.2023",'Реестр оплат'!J:J,"<=31.08.2023") -> 0 | L13: =SUMIFS('Реестр оплат'!K:K,'Реестр оплат'!$C:$C,B13,'Реестр оплат'!J:J,">=01.09.2023",'Реестр оплат'!J:J,"<=30.09.2023") -> 0 | M13: =SUMIFS('Реестр оплат'!K:K,'Реестр оплат'!$C:$C,B13,'Реестр оплат'!J:J,">=01.10.2023",'Реестр оплат'!J:J,"<=31.10.2023") -> 0 | N13: =SUMIFS('Реестр оплат'!K:K,'Реестр оплат'!$C:$C,B13,'Реестр оплат'!J:J,">=01.11.2023",'Реестр оплат'!J:J,"<=30.11.2023") -> 0 | O13: =SUMIFS('Реестр оплат'!K:K,'Реестр оплат'!$C:$C,B13,'Реестр оплат'!J:J,">=01.12.2023",'Реестр оплат'!J:J,"<=31.12.2023") -> 0
B14: Подрядчик 4 | C14: =SUMIFS('Реестр оплат'!K:K,'Реестр оплат'!$C:$C,B14,'Реестр оплат'!J:J,">="&$B$5,'Реестр оплат'!J:J,"<="&$C$5) -> 12 | D14: =SUMIFS('Реестр оплат'!K:K,'Реестр оплат'!$C:$C,B14,'Реестр оплат'!J:J,">=01.01.2023",'Реестр оплат'!J:J,"<=31.01.2023") -> 0 | E14: =SUMIFS('Реестр оплат'!K:K,'Реестр оплат'!$C:$C,B14,'Реестр оплат'!J:J,">=01.02.2023",'Реестр оплат'!J:J,"<=28.02.2023") -> 12 | F14: =SUMIFS('Реестр оплат'!K:K,'Реестр оплат'!$C:$C,B14,'Реестр оплат'!J:J,">=01.03.2023",'Реестр оплат'!J:J,"<=31.03.2023") -> 0 | G14: =SUMIFS('Реестр оплат'!K:K,'Реестр оплат'!$C:$C,B14,'Реестр оплат'!J:J,">=01.04.2023",'Реестр оплат'!J:J,"<=30.04.2023") -> 0 | H14: =SUMIFS('Реестр оплат'!K:K,'Реестр оплат'!$C:$C,B14,'Реестр оплат'!J:J,">=01.05.2023",'Реестр оплат'!J:J,"<=31.05.2023") -> 0 | I14: =SUMIFS('Реестр оплат'!K:K,'Реестр оплат'!$C:$C,B14,'Реестр оплат'!J:J,">=01.06.2023",'Реестр оплат'!J:J,"<=30.06.2023") -> 0 | J14: =SUMIFS('Реестр оплат'!K:K,'Реестр оплат'!$C:$C,B14,'Реестр оплат'!J:J,">=01.07.2023",'Реестр оплат'!J:J,"<=31.07.2023") -> 0 | K14: =SUMIFS('Реестр оплат'!K:K,'Реестр оплат'!$C:$C,B14,'Реестр оплат'!J:J,">=01.08.2023",'Реестр оплат'!J:J,"<=31.08.2023") -> 0 | L14: =SUMIFS('Реестр оплат'!K:K,'Реестр оплат'!$C:$C,B14,'Реестр оплат'!J:J,">=01.09.2023",'Реестр оплат'!J:J,"<=30.09.2023") -> 0 | M14: =SUMIFS('Реестр оплат'!K:K,'Реестр оплат'!$C:$C,B14,'Реестр оплат'!J:J,">=01.10.2023",'Реестр оплат'!J:J,"<=31.10.2023") -> 0 | N14: =SUMIFS('Реестр оплат'!K:K,'Реестр оплат'!$C:$C,B14,'Реестр оплат'!J:J,">=01.11.2023",'Реестр оплат'!J:J,"<=30.11.2023") -> 0 | O14: =SUMIFS('Реестр оплат'!K:K,'Реестр оплат'!$C:$C,B14,'Реестр оплат'!J:J,">=01.12.2023",'Реестр оплат'!J:J,"<=31.12.2023") -> 0
B15: Подрядчик 5 | C15: =SUMIFS('Реестр оплат'!K:K,'Реестр оплат'!$C:$C,B15,'Реестр оплат'!J:J,">="&$B$5,'Реестр оплат'!J:J,"<="&$C$5) -> 600 | D15: =SUMIFS('Реестр оплат'!K:K,'Реестр оплат'!$C:$C,B15,'Реестр оплат'!J:J,">=01.01.2023",'Реестр оплат'!J:J,"<=31.01.2023") -> 0 | E15: =SUMIFS('Реестр оплат'!K:K,'Реестр оплат'!$C:$C,B15,'Реестр оплат'!J:J,">=01.02.2023",'Реестр оплат'!J:J,"<=28.02.2023") -> 0 | F15: =SUMIFS('Реестр оплат'!K:K,'Реестр оплат'!$C:$C,B15,'Реестр оплат'!J:J,">=01.03.2023",'Реестр оплат'!J:J,"<=31.03.2023") -> 600 | G15: =SUMIFS('Реестр оплат'!K:K,'Реестр оплат'!$C:$C,B15,'Реестр оплат'!J:J,">=01.04.2023",'Реестр оплат'!J:J,"<=30.04.2023") -> 0 | H15: =SUMIFS('Реестр оплат'!K:K,'Реестр оплат'!$C:$C,B15,'Реестр оплат'!J:J,">=01.05.2023",'Реестр оплат'!J:J,"<=31.05.2023") -> 0 | I15: =SUMIFS('Реестр оплат'!K:K,'Реестр оплат'!$C:$C,B15,'Реестр оплат'!J:J,">=01.06.2023",'Реестр оплат'!J:J,"<=30.06.2023") -> 0 | J15: =SUMIFS('Реестр оплат'!K:K,'Реестр оплат'!$C:$C,B15,'Реестр оплат'!J:J,">=01.07.2023",'Реестр оплат'!J:J,"<=31.07.2023") -> 0 | K15: =SUMIFS('Реестр оплат'!K:K,'Реестр оплат'!$C:$C,B15,'Реестр оплат'!J:J,">=01.08.2023",'Реестр оплат'!J:J,"<=31.08.2023") -> 0 | L15: =SUMIFS('Реестр оплат'!K:K,'Реестр оплат'!$C:$C,B15,'Реестр оплат'!J:J,">=01.09.2023",'Реестр оплат'!J:J,"<=30.09.2023") -> 0 | M15: =SUMIFS('Реестр оплат'!K:K,'Реестр оплат'!$C:$C,B15,'Реестр оплат'!J:J,">=01.10.2023",'Реестр оплат'!J:J,"<=31.10.2023") -> 0 | N15: =SUMIFS('Реестр оплат'!K:K,'Реестр оплат'!$C:$C,B15,'Реестр оплат'!J:J,">=01.11.2023",'Реестр оплат'!J:J,"<=30.11.2023") -> 0 | O15: =SUMIFS('Реестр оплат'!K:K,'Реестр оплат'!$C:$C,B15,'Реестр оплат'!J:J,">=01.12.2023",'Реестр оплат'!J:J,"<=31.12.2023") -> 0
B16: Подрядчик 6 | C16: =SUMIFS('Реестр оплат'!K:K,'Реестр оплат'!$C:$C,B16,'Реестр оплат'!J:J,">="&$B$5,'Реестр оплат'!J:J,"<="&$C$5) -> 0 | D16: =SUMIFS('Реестр оплат'!K:K,'Реестр оплат'!$C:$C,B16,'Реестр оплат'!J:J,">=01.01.2023",'Реестр оплат'!J:J,"<=31.01.2023") -> 0 | E16: =SUMIFS('Реестр оплат'!K:K,'Реестр оплат'!$C:$C,B16,'Реестр оплат'!J:J,">=01.02.2023",'Реестр оплат'!J:J,"<=28.02.2023") -> 0 | F16: =SUMIFS('Реестр оплат'!K:K,'Реестр оплат'!$C:$C,B16,'Реестр оплат'!J:J,">=01.03.2023",'Реестр оплат'!J:J,"<=31.03.2023") -> 0 | G16: =SUMIFS('Реестр оплат'!K:K,'Реестр оплат'!$C:$C,B16,'Реестр оплат'!J:J,">=01.04.2023",'Реестр оплат'!J:J,"<=30.04.2023") -> 0 | H16: =SUMIFS('Реестр оплат'!K:K,'Реестр оплат'!$C:$C,B16,'Реестр оплат'!J:J,">=01.05.2023",'Реестр оплат'!J:J,"<=31.05.2023") -> 0 | I16: =SUMIFS('Реестр оплат'!K:K,'Реестр оплат'!$C:$C,B16,'Реестр оплат'!J:J,">=01.06.2023",'Реестр оплат'!J:J,"<=30.06.2023") -> 0 | J16: =SUMIFS('Реестр оплат'!K:K,'Реестр оплат'!$C:$C,B16,'Реестр оплат'!J:J,">=01.07.2023",'Реестр оплат'!J:J,"<=31.07.2023") -> 0 | K16: =SUMIFS('Реестр оплат'!K:K,'Реестр оплат'!$C:$C,B16,'Реестр оплат'!J:J,">=01.08.2023",'Реестр оплат'!J:J,"<=31.08.2023") -> 0 | L16: =SUMIFS('Реестр оплат'!K:K,'Реестр оплат'!$C:$C,B16,'Реестр оплат'!J:J,">=01.09.2023",'Реестр оплат'!J:J,"<=30.09.2023") -> 0 | M16: =SUMIFS('Реестр оплат'!K:K,'Реестр оплат'!$C:$C,B16,'Реестр оплат'!J:J,">=01.10.2023",'Реестр оплат'!J:J,"<=31.10.2023") -> 0 | N16: =SUMIFS('Реестр оплат'!K:K,'Реестр оплат'!$C:$C,B16,'Реестр оплат'!J:J,">=01.11.2023",'Реестр оплат'!J:J,"<=30.11.2023") -> 0 | O16: =SUMIFS('Реестр оплат'!K:K,'Реестр оплат'!$C:$C,B16,'Реестр оплат'!J:J,">=01.12.2023",'Реестр оплат'!J:J,"<=31.12.2023") -> 0
B18: Долг на: | C18: 45030
B20: ДОЛГ | C20: ="Долг на "&TEXT(C18,"ДД.ММ.ГГГГ") -> Долг на 14.04.2023 | D20: 2023 год
D21: на 1 Январь | E21: на 1 Февраль | F21: на 1 Март | G21: на 1 Апрель | H21: Май | I21: Июнь | J21: Июль | K21: Август | L21: Сентябрь | M21: Октябрь | N21: Ноябрь | O21: Декабрь
B22: 1 | C22: 2 | D22: 3 | E22: 4 | F22: 5 | G22: 6 | H22: 7 | I22: 8 | J22: 9 | K22: 10 | L22: 11 | M22: 12 | N22: 13 | O22: 14
B23: Итог | C23: =C24+C25+C26+C27+C28+C29 -> 0 | D23: =D24+D25+D26+D27+D28+D29 -> 0 | E23: =E24+E25+E26+E27+E28+E29 -> 0 | F23: =F24+F25+F26+F27+F28+F29 -> 0 | G23: =G24+G25+G26+G27+G28+G29 -> 0 | H23: =H24+H25+H26+H27+H28+H29 -> 0 | I23: =I24+I25+I26+I27+I28+I29 -> 0 | J23: =J24+J25+J26+J27+J28+J29 -> 0 | ... O23: =O24+O25+O26+O27+O28+O29 -> 0
B24: Подрядчик 1 | C24: 0 | D24: 0 | E24: 0 | F24: 0 | G24: 0 | H24: 0 | I24: 0 | J24: 0 | K24: 0 | L24: 0 | M24: 0 | N24: 0 | O24: 0
B25: Подрядчик 2 | C25: 0 | D25: 0 | E25: 0 | F25: 0 | G25: 0 | H25: 0 | I25: 0 | J25: 0 | K25: 0 | L25: 0 | M25: 0 | N25: 0 | O25: 0
B26: Подрядчик 3 | C26: 0 | D26: 0 | E26: 0 | F26: 0 | G26: 0 | H26: 0 | I26: 0 | J26: 0 | K26: 0 | L26: 0 | M26: 0 | N26: 0 | O26: 0
B27: Подрядчик 4 | C27: 0 | D27: 0 | E27: 0 | F27: 0 | G27: 0 | H27: 0 | I27: 0 | J27: 0 | K27: 0 | L27: 0 | M27: 0 | N27: 0 | O27: 0
B28: Подрядчик 5 | C28: 0 | D28: 0 | E28: 0 | F28: 0 | G28: 0 | H28: 0 | I28: 0 | J28: 0 | K28: 0 | L28: 0 | M28: 0 | N28: 0 | O28: 0
B29: Подрядчик 6 | C29: 0 | D29: 0 | E29: 0 | F29: 0 | G29: 0 | H29: 0 | I29: 0 | J29: 0 | K29: 0 | L29: 0 | M29: 0 | N29: 0 | O29: 0

Sheet Реестр оплат
A2: Анализ по договорам 2023 года
K3: =Свод!C2 -> 45030
A4: № п/п | B4: № договора | C4: Исполнитель | D4: Наименование работ (объекта) | E4: Ст-ть по договору, руб. без НДС | F4: Сумма по акту, руб. без НДС | G4: № акта | H4: Дата акта | I4: Сумма, руб. с НДС | J4: Дата оплаты | K4: Оплачено, руб. | L4: Остаток
A5: 1 | B5: 2 | C5: 3 | D5: 4 | E5: 5 | F5: 6 | G5: 7 | H5: 8 | I5: 9 | J5: 10 | K5: 11 | L5: 12
A6: Январь
A7: 1 | B7: 1/22 от 01.02.2022 | C7: Подрядчик 2 | D7: Заявитель 1 | E7: 100 | F7: 100 | G7: 1 | H7: 44935 | I7: =F7*1.2 -> 120 | J7: 44951 | K7: 120 | L7: =I7-K7 -> 0
A8: 2 | B8: 2/22 от 01.02.2022 | C8: Подрядчик 2 | D8: Заявитель 2 | E8: 200 | F8: 200 | G8: 1 | H8: 44939 | I8: =F8*1.2 -> 240 | J8: 44978 | K8: 240 | L8: =I8-K8 -> 0
A9: 3 | B9: 3/22 от 01.02.2022 | C9: Подрядчик 3 | D9: Заявитель 3 | E9: 300 | F9: 300 | G9: 1 | H9: 44942 | I9: =F9*1.2 -> 360 | J9: 45013 | K9: 360 | L9: =I9-K9 -> 0
A10: 4 | B10: 4/22 от 01.02.2022 | C10: Подрядчик 1 | D10: Заявитель 4 | E10: 150300 | F10: 150300 | G10: 1 | H10: 44942 | I10: =F10*1.2 -> 180360 | J10: 44952 | K10: 1000 | L10: =I10-SUM(K10:K13) -> 162360
C11: Подрядчик 1 | J11: 44958 | K11: 2000
C12: Подрядчик 1 | J12: 45034 | K12: 15000
C13: Подрядчик 1
A14: 5 | B14: 5/22 от 01.02.2022 | C14: Подрядчик 4 | D14: Заявитель 5 | E14: 10 | F14: 10 | G14: 1 | H14: 44957 | I14: =F14*1.2 -> 12 | J14: 44978 | K14: 12 | L14: =I14-K14 -> 0
A15: 6 | B15: 6/22 от 01.02.2022 | C15: Подрядчик 5 | D15: Заявитель 6 | E15: 1656 | F15: 500 | G15: 58 | H15: 44935 | I15: =F15*1.2 -> 600 | J15: 45015 | K15: 600 | L15: =I15-K15 -> 0
C16: Подрядчик 5 | F16: 600 | G16: 59 | H16: 44939 | I16: =F16*1.2 -> 720 | L16: =I16-K16 -> 720
D17: Итого: | E17: =SUM(E7:E16) -> 152566 | F17: =SUM(F7:F16) -> 152010 | I17: =SUM(I7:I16) -> 182412 | K17: =SUM(K7:K16) -> 19332 | L17: =SUM(L7:L16) -> 163080
